[{"model": "admin.logentry", "pk": 252, "fields": {"action_time": "2023-05-18T07:03:10.460Z", "user": 36, "content_type": 22, "object_id": "1", "object_repr": "demo@gmail.com", "action_flag": 1, "change_message": "[{\"added\": {}}]"}}, {"model": "admin.logentry", "pk": 253, "fields": {"action_time": "2023-05-18T07:03:24.162Z", "user": 36, "content_type": 22, "object_id": "1", "object_repr": "demo@gmail.com", "action_flag": 3, "change_message": ""}}, {"model": "admin.logentry", "pk": 254, "fields": {"action_time": "2023-05-18T11:19:14.860Z", "user": 36, "content_type": 7, "object_id": "37", "object_repr": "nino.clauter@gmail.com", "action_flag": 3, "change_message": ""}}, {"model": "auth.permission", "pk": 1, "fields": {"name": "Can add log entry", "content_type": 1, "codename": "add_logentry"}}, {"model": "auth.permission", "pk": 2, "fields": {"name": "Can change log entry", "content_type": 1, "codename": "change_logentry"}}, {"model": "auth.permission", "pk": 3, "fields": {"name": "Can delete log entry", "content_type": 1, "codename": "delete_logentry"}}, {"model": "auth.permission", "pk": 4, "fields": {"name": "Can view log entry", "content_type": 1, "codename": "view_logentry"}}, {"model": "auth.permission", "pk": 5, "fields": {"name": "Can add permission", "content_type": 2, "codename": "add_permission"}}, {"model": "auth.permission", "pk": 6, "fields": {"name": "Can change permission", "content_type": 2, "codename": "change_permission"}}, {"model": "auth.permission", "pk": 7, "fields": {"name": "Can delete permission", "content_type": 2, "codename": "delete_permission"}}, {"model": "auth.permission", "pk": 8, "fields": {"name": "Can view permission", "content_type": 2, "codename": "view_permission"}}, {"model": "auth.permission", "pk": 9, "fields": {"name": "Can add group", "content_type": 3, "codename": "add_group"}}, {"model": "auth.permission", "pk": 10, "fields": {"name": "Can change group", "content_type": 3, "codename": "change_group"}}, {"model": "auth.permission", "pk": 11, "fields": {"name": "Can delete group", "content_type": 3, "codename": "delete_group"}}, {"model": "auth.permission", "pk": 12, "fields": {"name": "Can view group", "content_type": 3, "codename": "view_group"}}, {"model": "auth.permission", "pk": 13, "fields": {"name": "Can add content type", "content_type": 4, "codename": "add_contenttype"}}, {"model": "auth.permission", "pk": 14, "fields": {"name": "Can change content type", "content_type": 4, "codename": "change_contenttype"}}, {"model": "auth.permission", "pk": 15, "fields": {"name": "Can delete content type", "content_type": 4, "codename": "delete_contenttype"}}, {"model": "auth.permission", "pk": 16, "fields": {"name": "Can view content type", "content_type": 4, "codename": "view_contenttype"}}, {"model": "auth.permission", "pk": 17, "fields": {"name": "Can add session", "content_type": 5, "codename": "add_session"}}, {"model": "auth.permission", "pk": 18, "fields": {"name": "Can change session", "content_type": 5, "codename": "change_session"}}, {"model": "auth.permission", "pk": 19, "fields": {"name": "Can delete session", "content_type": 5, "codename": "delete_session"}}, {"model": "auth.permission", "pk": 20, "fields": {"name": "Can view session", "content_type": 5, "codename": "view_session"}}, {"model": "auth.permission", "pk": 21, "fields": {"name": "Can add category", "content_type": 6, "codename": "add_category"}}, {"model": "auth.permission", "pk": 22, "fields": {"name": "Can change category", "content_type": 6, "codename": "change_category"}}, {"model": "auth.permission", "pk": 23, "fields": {"name": "Can delete category", "content_type": 6, "codename": "delete_category"}}, {"model": "auth.permission", "pk": 24, "fields": {"name": "Can view category", "content_type": 6, "codename": "view_category"}}, {"model": "auth.permission", "pk": 25, "fields": {"name": "Can add account", "content_type": 7, "codename": "add_account"}}, {"model": "auth.permission", "pk": 26, "fields": {"name": "Can change account", "content_type": 7, "codename": "change_account"}}, {"model": "auth.permission", "pk": 27, "fields": {"name": "Can delete account", "content_type": 7, "codename": "delete_account"}}, {"model": "auth.permission", "pk": 28, "fields": {"name": "Can view account", "content_type": 7, "codename": "view_account"}}, {"model": "auth.permission", "pk": 29, "fields": {"name": "Can add product", "content_type": 8, "codename": "add_product"}}, {"model": "auth.permission", "pk": 30, "fields": {"name": "Can change product", "content_type": 8, "codename": "change_product"}}, {"model": "auth.permission", "pk": 31, "fields": {"name": "Can delete product", "content_type": 8, "codename": "delete_product"}}, {"model": "auth.permission", "pk": 32, "fields": {"name": "Can view product", "content_type": 8, "codename": "view_product"}}, {"model": "auth.permission", "pk": 33, "fields": {"name": "Can add cart item", "content_type": 9, "codename": "add_cartitem"}}, {"model": "auth.permission", "pk": 34, "fields": {"name": "Can change cart item", "content_type": 9, "codename": "change_cartitem"}}, {"model": "auth.permission", "pk": 35, "fields": {"name": "Can delete cart item", "content_type": 9, "codename": "delete_cartitem"}}, {"model": "auth.permission", "pk": 36, "fields": {"name": "Can view cart item", "content_type": 9, "codename": "view_cartitem"}}, {"model": "auth.permission", "pk": 37, "fields": {"name": "Can add cart", "content_type": 10, "codename": "add_cart"}}, {"model": "auth.permission", "pk": 38, "fields": {"name": "Can change cart", "content_type": 10, "codename": "change_cart"}}, {"model": "auth.permission", "pk": 39, "fields": {"name": "Can delete cart", "content_type": 10, "codename": "delete_cart"}}, {"model": "auth.permission", "pk": 40, "fields": {"name": "Can view cart", "content_type": 10, "codename": "view_cart"}}, {"model": "auth.permission", "pk": 41, "fields": {"name": "Can add variation", "content_type": 11, "codename": "add_variation"}}, {"model": "auth.permission", "pk": 42, "fields": {"name": "Can change variation", "content_type": 11, "codename": "change_variation"}}, {"model": "auth.permission", "pk": 43, "fields": {"name": "Can delete variation", "content_type": 11, "codename": "delete_variation"}}, {"model": "auth.permission", "pk": 44, "fields": {"name": "Can view variation", "content_type": 11, "codename": "view_variation"}}, {"model": "auth.permission", "pk": 45, "fields": {"name": "Can add order product", "content_type": 12, "codename": "add_orderproduct"}}, {"model": "auth.permission", "pk": 46, "fields": {"name": "Can change order product", "content_type": 12, "codename": "change_orderproduct"}}, {"model": "auth.permission", "pk": 47, "fields": {"name": "Can delete order product", "content_type": 12, "codename": "delete_orderproduct"}}, {"model": "auth.permission", "pk": 48, "fields": {"name": "Can view order product", "content_type": 12, "codename": "view_orderproduct"}}, {"model": "auth.permission", "pk": 49, "fields": {"name": "Can add order", "content_type": 13, "codename": "add_order"}}, {"model": "auth.permission", "pk": 50, "fields": {"name": "Can change order", "content_type": 13, "codename": "change_order"}}, {"model": "auth.permission", "pk": 51, "fields": {"name": "Can delete order", "content_type": 13, "codename": "delete_order"}}, {"model": "auth.permission", "pk": 52, "fields": {"name": "Can view order", "content_type": 13, "codename": "view_order"}}, {"model": "auth.permission", "pk": 53, "fields": {"name": "Can add payment", "content_type": 14, "codename": "add_payment"}}, {"model": "auth.permission", "pk": 54, "fields": {"name": "Can change payment", "content_type": 14, "codename": "change_payment"}}, {"model": "auth.permission", "pk": 55, "fields": {"name": "Can delete payment", "content_type": 14, "codename": "delete_payment"}}, {"model": "auth.permission", "pk": 56, "fields": {"name": "Can view payment", "content_type": 14, "codename": "view_payment"}}, {"model": "auth.permission", "pk": 57, "fields": {"name": "Can add review rating", "content_type": 15, "codename": "add_reviewrating"}}, {"model": "auth.permission", "pk": 58, "fields": {"name": "Can change review rating", "content_type": 15, "codename": "change_reviewrating"}}, {"model": "auth.permission", "pk": 59, "fields": {"name": "Can delete review rating", "content_type": 15, "codename": "delete_reviewrating"}}, {"model": "auth.permission", "pk": 60, "fields": {"name": "Can view review rating", "content_type": 15, "codename": "view_reviewrating"}}, {"model": "auth.permission", "pk": 61, "fields": {"name": "Can add user profile", "content_type": 16, "codename": "add_userprofile"}}, {"model": "auth.permission", "pk": 62, "fields": {"name": "Can change user profile", "content_type": 16, "codename": "change_userprofile"}}, {"model": "auth.permission", "pk": 63, "fields": {"name": "Can delete user profile", "content_type": 16, "codename": "delete_userprofile"}}, {"model": "auth.permission", "pk": 64, "fields": {"name": "Can view user profile", "content_type": 16, "codename": "view_userprofile"}}, {"model": "auth.permission", "pk": 65, "fields": {"name": "Can add productgallery", "content_type": 17, "codename": "add_productgallery"}}, {"model": "auth.permission", "pk": 66, "fields": {"name": "Can change productgallery", "content_type": 17, "codename": "change_productgallery"}}, {"model": "auth.permission", "pk": 67, "fields": {"name": "Can delete productgallery", "content_type": 17, "codename": "delete_productgallery"}}, {"model": "auth.permission", "pk": 68, "fields": {"name": "Can view productgallery", "content_type": 17, "codename": "view_productgallery"}}, {"model": "auth.permission", "pk": 69, "fields": {"name": "Can add login attempt", "content_type": 18, "codename": "add_loginattempt"}}, {"model": "auth.permission", "pk": 70, "fields": {"name": "Can change login attempt", "content_type": 18, "codename": "change_loginattempt"}}, {"model": "auth.permission", "pk": 71, "fields": {"name": "Can delete login attempt", "content_type": 18, "codename": "delete_loginattempt"}}, {"model": "auth.permission", "pk": 72, "fields": {"name": "Can view login attempt", "content_type": 18, "codename": "view_loginattempt"}}, {"model": "auth.permission", "pk": 73, "fields": {"name": "Can add wishlist", "content_type": 19, "codename": "add_wishlist"}}, {"model": "auth.permission", "pk": 74, "fields": {"name": "Can change wishlist", "content_type": 19, "codename": "change_wishlist"}}, {"model": "auth.permission", "pk": 75, "fields": {"name": "Can delete wishlist", "content_type": 19, "codename": "delete_wishlist"}}, {"model": "auth.permission", "pk": 76, "fields": {"name": "Can view wishlist", "content_type": 19, "codename": "view_wishlist"}}, {"model": "auth.permission", "pk": 77, "fields": {"name": "Can add wishlist item", "content_type": 20, "codename": "add_wishlistitem"}}, {"model": "auth.permission", "pk": 78, "fields": {"name": "Can change wishlist item", "content_type": 20, "codename": "change_wishlistitem"}}, {"model": "auth.permission", "pk": 79, "fields": {"name": "Can delete wishlist item", "content_type": 20, "codename": "delete_wishlistitem"}}, {"model": "auth.permission", "pk": 80, "fields": {"name": "Can view wishlist item", "content_type": 20, "codename": "view_wishlistitem"}}, {"model": "auth.permission", "pk": 81, "fields": {"name": "Can add wishlist", "content_type": 21, "codename": "add_wishlist"}}, {"model": "auth.permission", "pk": 82, "fields": {"name": "Can change wishlist", "content_type": 21, "codename": "change_wishlist"}}, {"model": "auth.permission", "pk": 83, "fields": {"name": "Can delete wishlist", "content_type": 21, "codename": "delete_wishlist"}}, {"model": "auth.permission", "pk": 84, "fields": {"name": "Can view wishlist", "content_type": 21, "codename": "view_wishlist"}}, {"model": "auth.permission", "pk": 85, "fields": {"name": "Can add subscribed users", "content_type": 22, "codename": "add_subscribedusers"}}, {"model": "auth.permission", "pk": 86, "fields": {"name": "Can change subscribed users", "content_type": 22, "codename": "change_subscribedusers"}}, {"model": "auth.permission", "pk": 87, "fields": {"name": "Can delete subscribed users", "content_type": 22, "codename": "delete_subscribedusers"}}, {"model": "auth.permission", "pk": 88, "fields": {"name": "Can view subscribed users", "content_type": 22, "codename": "view_subscribedusers"}}, {"model": "contenttypes.contenttype", "pk": 1, "fields": {"app_label": "admin", "model": "logentry"}}, {"model": "contenttypes.contenttype", "pk": 2, "fields": {"app_label": "auth", "model": "permission"}}, {"model": "contenttypes.contenttype", "pk": 3, "fields": {"app_label": "auth", "model": "group"}}, {"model": "contenttypes.contenttype", "pk": 4, "fields": {"app_label": "contenttypes", "model": "contenttype"}}, {"model": "contenttypes.contenttype", "pk": 5, "fields": {"app_label": "sessions", "model": "session"}}, {"model": "contenttypes.contenttype", "pk": 6, "fields": {"app_label": "category", "model": "category"}}, {"model": "contenttypes.contenttype", "pk": 7, "fields": {"app_label": "accounts", "model": "account"}}, {"model": "contenttypes.contenttype", "pk": 8, "fields": {"app_label": "store", "model": "product"}}, {"model": "contenttypes.contenttype", "pk": 9, "fields": {"app_label": "carts", "model": "cartitem"}}, {"model": "contenttypes.contenttype", "pk": 10, "fields": {"app_label": "carts", "model": "cart"}}, {"model": "contenttypes.contenttype", "pk": 11, "fields": {"app_label": "store", "model": "variation"}}, {"model": "contenttypes.contenttype", "pk": 12, "fields": {"app_label": "orders", "model": "orderproduct"}}, {"model": "contenttypes.contenttype", "pk": 13, "fields": {"app_label": "orders", "model": "order"}}, {"model": "contenttypes.contenttype", "pk": 14, "fields": {"app_label": "orders", "model": "payment"}}, {"model": "contenttypes.contenttype", "pk": 15, "fields": {"app_label": "store", "model": "reviewrating"}}, {"model": "contenttypes.contenttype", "pk": 16, "fields": {"app_label": "accounts", "model": "userprofile"}}, {"model": "contenttypes.contenttype", "pk": 17, "fields": {"app_label": "store", "model": "productgallery"}}, {"model": "contenttypes.contenttype", "pk": 18, "fields": {"app_label": "admin_honeypot", "model": "loginattempt"}}, {"model": "contenttypes.contenttype", "pk": 19, "fields": {"app_label": "wishlist", "model": "wishlist"}}, {"model": "contenttypes.contenttype", "pk": 20, "fields": {"app_label": "wishlist", "model": "wishlistitem"}}, {"model": "contenttypes.contenttype", "pk": 21, "fields": {"app_label": "carts", "model": "wishlist"}}, {"model": "contenttypes.contenttype", "pk": 22, "fields": {"app_label": "accounts", "model": "subscribedusers"}}, {"model": "sessions.session", "pk": "1stwn9asa0vvscaeqt7q1ek12fkknuah", "fields": {"session_data": "e30:1pzX5A:fA_9w28X9mrAJI7_t35PsFHQnJEfz7nkuBLX8hVZnRk", "expire_date": "2023-06-01T06:25:48.246Z"}}, {"model": "sessions.session", "pk": "1v2j19m2yv6pohaxs4yxz9tzucr10obk", "fields": {"session_data": "e30:1pzWBt:CLLaeb4T7255w3mhnuL_n3P1EDyPBOtAY_MaodqkrL4", "expire_date": "2023-06-01T05:28:41.132Z"}}, {"model": "sessions.session", "pk": "1ypeyqhfq7l9ccvrg17w9qruz79elj45", "fields": {"session_data": "eyJfc2Vzc2lvbl9pbml0X3RpbWVzdGFtcF8iOjE2ODQ0MjY0ODMuNDg1MDk1M30:1pzgH5:S8m7jr8-fl0EU2CYY5FXyr6V9xS9wRe71cJjtZ4LWiE", "expire_date": "2023-06-01T16:14:43.537Z"}}, {"model": "sessions.session", "pk": "6vsc7tr7o9u4m6h4ztl48qpcg3pujr0u", "fields": {"session_data": "e30:1pzR7Y:T09EXTT5_mklhvEIyH7J7czt1cAG28kLqiC19Fj-7jM", "expire_date": "2023-06-01T00:03:52.011Z"}}, {"model": "sessions.session", "pk": "6we0enf1kd4voizqsdm7646hh3c2hq9u", "fields": {"session_data": ".eJxVjDsOwjAQBe_iGln-rIlDSZ8zWOvdNQ6gRIqTCnF3iJQC2jcz76USbmtNW5MljawuyqrT75aRHjLtgO843WZN87QuY9a7og_a9DCzPK-H-3dQsdVvjYEZTERGZ0snhL7vz4U6iAYQIUa2BNlnJ44MlQgWfF8CCrN4lKDeHwKzOOg:1pdpcN:11r2Py0d87IEUDE9k3T21Xoq0PJsAMQkhr-KbdKBlCk", "expire_date": "2023-04-02T09:46:23.085Z"}}, {"model": "sessions.session", "pk": "7ukp7nhxb5dlwmz58hfczdrenrulpuit", "fields": {"session_data": "e30:1pzX5B:ccybopZ-7hUtyffd65NzMjLiN7wMoT9PNqTxEqmyYak", "expire_date": "2023-06-01T06:25:49.747Z"}}, {"model": "sessions.session", "pk": "cov0vswsww4yxr9e33g77ni6rkpscutp", "fields": {"session_data": "e30:1pzR7H:btrlalZx2pkkIZQsuAYAYEdIxAxqowPPd52i86rHqHc", "expire_date": "2023-06-01T00:03:35.879Z"}}, {"model": "sessions.session", "pk": "ee45w12j9dfl2feilchzo42ou6p0rno5", "fields": {"session_data": "e30:1pzR7c:8QP9fw4Z_86w8kxMBZMZ5GtaqGmx6D8Cz1q_1HtXqfI", "expire_date": "2023-06-01T00:03:56.930Z"}}, {"model": "sessions.session", "pk": "fvplszjj0pcjd1349ye59z00rbenw3jj", "fields": {"session_data": ".eJxVjDsOwjAQBe_iGllk179Q0nMGa22vcQDZUpxUiLuTSCmgfTPz3sLTuhS_dp79lMRFoBan3zFQfHLdSXpQvTcZW13mKchdkQft8tYSv66H-3dQqJetzowqqc0fNVokcgHQEkZHqBmUc-EMSiNwINCQmZUZOMEA2RgFoxWfLxJyN84:1pmUmI:yyfQuynn20JiaiFM42LZFsI3t3CH0MicCnElL0BWmy0", "expire_date": "2023-04-26T07:20:26.969Z"}}, {"model": "sessions.session", "pk": "gc1uttlmgzg4z2cqq1bkjovb19jhcw1s", "fields": {"session_data": "e30:1pzR7Z:G4LN4_FBvDFRKKshzL_Fz6n-EHNC3IZoCIeqbN1PKgs", "expire_date": "2023-06-01T00:03:53.556Z"}}, {"model": "sessions.session", "pk": "k0jtoiaqxaydbi82zpsdp2svrh1yktgn", "fields": {"session_data": "eyJfc2Vzc2lvbl9pbml0X3RpbWVzdGFtcF8iOjE2ODQ1NjU2NTEuNjkyNjEzMX0:1q0GTj:OAFw-JWa7uZD9ttbx9nHtKuDIsQ1Ci32uQHTiWKQ1fE", "expire_date": "2023-06-03T06:54:11.710Z"}}, {"model": "sessions.session", "pk": "mvetbna49dehdmohmckosfobcnzz70h9", "fields": {"session_data": ".eJxVjDsOwjAQBe_iGln-rIlDSZ8zWOvdNQ6gRIqTCnF3iJQC2jcz76USbmtNW5MljawuyqrT75aRHjLtgO843WZN87QuY9a7og_a9DCzPK-H-3dQsdVvjYEZTERGZ0snhL7vz4U6iAYQIUa2BNlnJ44MlQgWfF8CCrN4lKDeHwKzOOg:1peIjB:p5T3unC2Y42T8BdSNJaDT3D6uWc3pB6dKFMV_peUsY0", "expire_date": "2023-04-03T16:51:21.602Z"}}, {"model": "sessions.session", "pk": "n5x250tb0q2x0bzoedl5ppd9pwhgf4kq", "fields": {"session_data": "e30:1pzX58:6o66-MFyTBTptMO17dE4_X15wpkFCTaPGYEauqxiWec", "expire_date": "2023-06-01T06:25:46.064Z"}}, {"model": "sessions.session", "pk": "s0l99nh2si97gp27pi1ar2nvateewsyx", "fields": {"session_data": "eyJfc2Vzc2lvbl9pbml0X3RpbWVzdGFtcF8iOjE2ODQ0MzgxNTcuNTc3ODk2Nn0:1pzjJN:4KdjFBwabsJlT16OK2fI8aG64muV_3GDGY5fD5hL8Bo", "expire_date": "2023-06-01T19:29:17.759Z"}}, {"model": "category.category", "pk": 1, "fields": {"category_name": "Shirts", "slug": "shirt", "description": "This is a demo shirts category", "cat_image": "photos/categories/shirts.jpg"}}, {"model": "category.category", "pk": 2, "fields": {"category_name": "T shirt", "slug": "t-shirt", "description": "This is a test description", "cat_image": "photos/categories/tshirts.jpg"}}, {"model": "category.category", "pk": 3, "fields": {"category_name": "Shoes", "slug": "shoes", "description": "This is shoes Category", "cat_image": "photos/categories/shoes.png"}}, {"model": "category.category", "pk": 4, "fields": {"category_name": "Jeans", "slug": "jeans", "description": "This is jeans Category", "cat_image": "photos/categories/jeans.jpg"}}, {"model": "category.category", "pk": 5, "fields": {"category_name": "Jackets", "slug": "jacket", "description": "This is jacket Category", "cat_image": "photos/categories/jackets.jpg"}}, {"model": "category.category", "pk": 6, "fields": {"category_name": "Audio", "slug": "audio", "description": "This is audio Category", "cat_image": "photos/categories/audio_Ylp9GTp.jpg"}}, {"model": "category.category", "pk": 7, "fields": {"category_name": "Computer and Accessories", "slug": "computer-and-accessories", "description": "This is computer and accessories Category", "cat_image": "photos/categories/computer_and_acessories.png"}}, {"model": "category.category", "pk": 8, "fields": {"category_name": "Sports and Outdoors", "slug": "sports-and-outdoors", "description": "This is sports and outdoors Category", "cat_image": "photos/categories/sports_and_outdoors.jpg"}}, {"model": "category.category", "pk": 9, "fields": {"category_name": "Men Clothes", "slug": "men-clothes", "description": "This is men clothes Category", "cat_image": "photos/categories/men_clothes.jpg"}}, {"model": "category.category", "pk": 10, "fields": {"category_name": "Watches", "slug": "watches", "description": "This is  watch Category", "cat_image": "photos/categories/watches_Rso1ozR.jpg"}}, {"model": "category.category", "pk": 11, "fields": {"category_name": "Men Shoes", "slug": "men-shoes", "description": "This is men shoes Category", "cat_image": "photos/categories/men_shoes.jpg"}}, {"model": "category.category", "pk": 12, "fields": {"category_name": "Mobile and Gadgets", "slug": "mobile-and-gadgets", "description": "This is mobile and gadgets Category", "cat_image": "photos/categories/mobile_and_gadgets.png"}}, {"model": "category.category", "pk": 13, "fields": {"category_name": "Gaming and Consoles", "slug": "gaming-and-consoles", "description": "This is gaming and consoles Category", "cat_image": "photos/categories/gaming_and_consoles.png"}}, {"model": "category.category", "pk": 14, "fields": {"category_name": "Men Bags", "slug": "men-bags", "description": "This is men bags Category", "cat_image": "photos/categories/men_bags.png"}}, {"model": "accounts.account", "pk": 35, "fields": {"password": "pbkdf2_sha256$600000$ujvmeQAPZvbUL7Qe3z1hUi$BScc98t25tfUnBboRamrYQOSqd5khwfFyCHGRpJQSno=", "first_name": "John Mave", "last_name": "Magnum mS", "username": "clauter.nino", "email": "clauter.nino@outlook.com", "phone_number": "8272872114", "date_joined": "2023-04-12T07:18:29.534Z", "last_login": "2023-05-19T16:17:43.949Z", "is_admin": false, "is_staff": false, "is_active": true, "is_superadmin": false}}, {"model": "accounts.account", "pk": 36, "fields": {"password": "pbkdf2_sha256$600000$8EmOgAAA56403venAgKP8Z$pPZHPRCYHKlVLI56eOn/XeJSxE1DLAhgMRcw1Pg2Lw4=", "first_name": "Clauter", "last_name": "Nino", "username": "ClauterNino", "email": "clauterthirdparty@gmail.com", "phone_number": "", "date_joined": "2023-05-16T10:44:47.588Z", "last_login": "2023-05-20T05:09:18.267Z", "is_admin": true, "is_staff": true, "is_active": true, "is_superadmin": true}}, {"model": "accounts.userprofile", "pk": 1, "fields": {"user": 35, "address_line_1": "Alabama 2343 House", "address_line_2": "", "profile_picture": "userprofile/Screenshot_2023-03-15_193403.png", "city": "Alabama", "state": "California", "country": "Mozambique"}}, {"model": "accounts.subscribedusers", "pk": 1, "fields": {"name": "CLAUTER NHAMUAL", "email": "nino.clauter@gmail.com", "created_date": "2023-05-18T10:12:32.363Z"}}, {"model": "store.product", "pk": 1, "fields": {"product_name": "ATX Jeans", "slug": "atx-jeans", "product_description": "Lorem Ipsum is simply dummy text of the printing and typesetting industry. Lorem Ipsum has been the industry's standard dummy text ever since the 1500s, when an unknown printer took a galley of type and scrambled it to make a type specimen book.  Jeans", "price": 199, "images": "photos/products/ATX-Jeans.jpg", "stock": 65, "is_available": true, "category": 4, "created_date": "2023-03-19T11:43:14.794Z", "modified_date": "2023-05-10T12:40:44.408Z"}}, {"model": "store.product", "pk": 2, "fields": {"product_name": "RXN Blue Shirt", "slug": "rxn-blue-shirt", "product_description": "Lorem Ipsum is simply dummy text of the printing and typesetting industry. Lorem Ipsum has been the industry's standard dummy text ever since the 1500s, when an unknown printer took a galley of type and scrambled it to make a type specimen book.", "price": 99, "images": "photos/products/Blue-Shirt.jpg", "stock": 200, "is_available": true, "category": 1, "created_date": "2023-03-19T11:45:22.538Z", "modified_date": "2023-03-19T11:45:22.538Z"}}, {"model": "store.product", "pk": 3, "fields": {"product_name": "Great Tshirt", "slug": "great-tshirt", "product_description": "Lorem Ipsum is simply dummy text of the printing and typesetting industry. Lorem Ipsum has been the industry's standard dummy text ever since the 1500s, when an unknown printer took a galley of type and scrambled it to make a type specimen book.", "price": 119, "images": "photos/products/Great-Tshirt.jpg", "stock": 0, "is_available": true, "category": 2, "created_date": "2023-03-19T11:46:02.784Z", "modified_date": "2023-03-20T18:29:24.615Z"}}, {"model": "store.product", "pk": 4, "fields": {"product_name": "Mavi Jeans", "slug": "mavi-jeans", "product_description": "Lorem Ipsum is simply dummy text of the printing and typesetting industry. Lorem Ipsum has been the industry's standard dummy text ever since the 1500s, when an unknown printer took a galley of type and scrambled it to make a type specimen book.", "price": 499, "images": "photos/products/Mavi_jeans.jpg", "stock": 1000, "is_available": true, "category": 4, "created_date": "2023-03-19T11:48:40.754Z", "modified_date": "2023-03-19T11:48:40.754Z"}}, {"model": "store.product", "pk": 5, "fields": {"product_name": "Jordan Basketball Shoes", "slug": "jordan-basketball-shoes", "product_description": "Lorem Ipsum is simply dummy text of the printing and typesetting industry. Lorem Ipsum has been the industry's standard dummy text ever since the 1500s, when an unknown printer took a galley of type and scrambled it to make a type specimen book.", "price": 999, "images": "photos/products/jordan-true-flight-basketball-shoes.jpg", "stock": 1000, "is_available": true, "category": 3, "created_date": "2023-03-19T11:49:19.991Z", "modified_date": "2023-03-19T11:49:19.991Z"}}, {"model": "store.product", "pk": 6, "fields": {"product_name": "Puma Ferrari Shoes", "slug": "puma-ferrari-shoes", "product_description": "Lorem Ipsum is simply dummy text of the printing and typesetting industry. Lorem Ipsum has been the industry's standard dummy text ever since the 1500s, when an unknown printer took a galley of type and scrambled it to make a type specimen book.", "price": 1099, "images": "photos/products/Puma-Ferrari-Shoes.jpg", "stock": 300, "is_available": true, "category": 3, "created_date": "2023-03-19T11:50:00.855Z", "modified_date": "2023-03-19T11:50:00.855Z"}}, {"model": "store.product", "pk": 7, "fields": {"product_name": "US Polo Assn Jacket", "slug": "us-polo-assn-jacket", "product_description": "Lorem Ipsum is simply dummy text of the printing and typesetting industry. Lorem Ipsum has been the industry's standard dummy text ever since the 1500s, when an unknown printer took a galley of type and scrambled it to make a type specimen book.", "price": 899, "images": "photos/products/US-Polo-Assn_Jacket.jpg", "stock": 300, "is_available": true, "category": 5, "created_date": "2023-03-19T11:50:55.034Z", "modified_date": "2023-03-19T11:50:55.034Z"}}, {"model": "store.product", "pk": 8, "fields": {"product_name": "Wrangler Shirt", "slug": "wrangler-shirt", "product_description": "Lorem Ipsum is simply dummy text of the printing and typesetting industry. Lorem Ipsum has been the industry's standard dummy text ever since the 1500s, when an unknown printer took a galley of type and scrambled it to make a type specimen book.", "price": 699, "images": "photos/products/Wrangler-Shirt.jpg", "stock": 2000, "is_available": true, "category": 1, "created_date": "2023-03-19T11:51:31.196Z", "modified_date": "2023-03-19T11:51:31.196Z"}}, {"model": "store.product", "pk": 9, "fields": {"product_name": "JBL Boombox 2", "slug": "jbl-boombox-2", "product_description": "JBL Boombox 2 - Portable Bluetooth Speaker, Powerful Sound and Monstrous Bass, IPX7 Waterproof, 24 Hours of Playtime, Powerbank, JBL PartyBoost for Speaker Pairing, for Home and Outdoor(Black)", "price": 299, "images": "photos/products/1.jpg", "stock": 18, "is_available": true, "category": 6, "created_date": "2023-04-22T10:32:51.798Z", "modified_date": "2023-05-10T18:14:17.417Z"}}, {"model": "store.product", "pk": 10, "fields": {"product_name": "Sony WF-1000XM4", "slug": "sony-wf-1000xm4", "product_description": "Sony WF-1000XM4 Industry Leading Noise Canceling Truly Wireless Earbud Headphones with Alexa Built-in.", "price": 198, "images": "photos/products/1_4R15mlu.jpg", "stock": 23, "is_available": true, "category": 6, "created_date": "2023-04-22T10:58:46.090Z", "modified_date": "2023-04-22T11:01:28.437Z"}}, {"model": "store.product", "pk": 11, "fields": {"product_name": "Apple AirPods Pro 2", "slug": "apple-airpods-pro-2", "product_description": "Apple AirPods Pro (2nd Generation) Wireless Earbuds, Up to 2X More Active Noise Cancelling, Adaptive Transparency, Personalized Spatial Audio, MagSafe Charging Case, Bluetooth Headphones for iPhone", "price": 199, "images": "photos/products/2.jpg", "stock": 50, "is_available": true, "category": 6, "created_date": "2023-04-22T11:06:28.387Z", "modified_date": "2023-04-22T11:06:42.141Z"}}, {"model": "store.product", "pk": 12, "fields": {"product_name": "Echo (4th Gen)", "slug": "echo-4th-gen", "product_description": "Echo (4th Gen) | With premium sound, smart home hub, and Alexa | Charcoal", "price": 99, "images": "photos/products/2_njcWH2V.jpg", "stock": 45, "is_available": true, "category": 6, "created_date": "2023-04-22T11:14:05.782Z", "modified_date": "2023-04-22T11:14:20.397Z"}}, {"model": "store.product", "pk": 13, "fields": {"product_name": "Polk Audio T Series 3 Channel Home Theater Bundle", "slug": "polk-audio-t-series-3-channel-home-theater-bundle", "product_description": "Polk Audio T Series 3 Channel Home Theater Bundle | Includes One (1) T30 Center Channel & Two (2) T50 Tower Speakers | Dolby and DTS Surroun", "price": 620, "images": "photos/products/1_umJtboG.jpg", "stock": 56, "is_available": true, "category": 6, "created_date": "2023-04-22T11:21:13.515Z", "modified_date": "2023-04-22T11:21:38.454Z"}}, {"model": "store.product", "pk": 14, "fields": {"product_name": "Bose QuietComfort 45", "slug": "bose-quietcomfort-45", "product_description": "NOISE CANCELLING WIRELESS HEADPHONES: The perfect balance of quiet, comfort, and sound. Bose uses tiny mics to measure, compare, and react to outside noise, cancelling it with opposite signals. Bluetooth range-up to 9 m (30 feet).\r\nHIGH-FIDELITY AUDIO: The TriPort acoustic architecture offers depth and fullness. Volume-optimized Active EQ maintains balanced performance at any volume, so bass stays consistent when turned down and the music remains clear when turned up.", "price": 300, "images": "photos/products/6.jpg", "stock": 20, "is_available": true, "category": 6, "created_date": "2023-05-02T10:48:56.421Z", "modified_date": "2023-05-02T10:48:56.421Z"}}, {"model": "store.variation", "pk": 1, "fields": {"product": 1, "variation_category": "color", "variation_value": "White", "is_active": true, "created_date": "2023-04-05T11:30:06.092Z"}}, {"model": "store.variation", "pk": 2, "fields": {"product": 1, "variation_category": "color", "variation_value": "Blue", "is_active": true, "created_date": "2023-04-05T11:18:21.403Z"}}, {"model": "store.variation", "pk": 3, "fields": {"product": 1, "variation_category": "color", "variation_value": "Green", "is_active": true, "created_date": "2023-04-05T11:18:31.933Z"}}, {"model": "store.variation", "pk": 4, "fields": {"product": 1, "variation_category": "size", "variation_value": "Small", "is_active": true, "created_date": "2023-04-05T11:40:48.059Z"}}, {"model": "store.variation", "pk": 5, "fields": {"product": 1, "variation_category": "size", "variation_value": "Medium", "is_active": true, "created_date": "2023-04-05T11:41:54.963Z"}}, {"model": "store.variation", "pk": 6, "fields": {"product": 1, "variation_category": "size", "variation_value": "Large", "is_active": true, "created_date": "2023-04-05T11:42:04.968Z"}}, {"model": "store.variation", "pk": 7, "fields": {"product": 9, "variation_category": "color", "variation_value": "Black", "is_active": true, "created_date": "2023-04-22T10:41:59.614Z"}}, {"model": "store.variation", "pk": 8, "fields": {"product": 9, "variation_category": "color", "variation_value": "Squad", "is_active": true, "created_date": "2023-04-22T10:45:48.168Z"}}, {"model": "store.variation", "pk": 9, "fields": {"product": 9, "variation_category": "size", "variation_value": "35cm", "is_active": true, "created_date": "2023-04-22T10:47:33.726Z"}}, {"model": "store.variation", "pk": 10, "fields": {"product": 10, "variation_category": "color", "variation_value": "Black", "is_active": true, "created_date": "2023-04-22T11:02:08.212Z"}}, {"model": "store.variation", "pk": 11, "fields": {"product": 10, "variation_category": "color", "variation_value": "Silver", "is_active": true, "created_date": "2023-04-22T11:02:28.012Z"}}, {"model": "store.variation", "pk": 12, "fields": {"product": 10, "variation_category": "size", "variation_value": "Standard", "is_active": true, "created_date": "2023-04-22T11:03:16.130Z"}}, {"model": "store.variation", "pk": 13, "fields": {"product": 12, "variation_category": "color", "variation_value": "Black", "is_active": true, "created_date": "2023-04-22T11:14:32.943Z"}}, {"model": "store.variation", "pk": 14, "fields": {"product": 12, "variation_category": "color", "variation_value": "White", "is_active": true, "created_date": "2023-04-22T11:14:44.551Z"}}, {"model": "store.variation", "pk": 15, "fields": {"product": 12, "variation_category": "size", "variation_value": "Standard", "is_active": true, "created_date": "2023-04-22T11:14:54.722Z"}}, {"model": "store.variation", "pk": 16, "fields": {"product": 13, "variation_category": "color", "variation_value": "Black", "is_active": true, "created_date": "2023-04-22T11:22:14.180Z"}}, {"model": "store.variation", "pk": 17, "fields": {"product": 13, "variation_category": "size", "variation_value": "Standard", "is_active": true, "created_date": "2023-04-22T11:22:21.470Z"}}, {"model": "store.variation", "pk": 18, "fields": {"product": 14, "variation_category": "color", "variation_value": "White Smoke", "is_active": true, "created_date": "2023-05-02T10:49:28.511Z"}}, {"model": "store.variation", "pk": 19, "fields": {"product": 14, "variation_category": "color", "variation_value": "Eclipse Grey", "is_active": true, "created_date": "2023-05-02T10:49:45.210Z"}}, {"model": "store.variation", "pk": 20, "fields": {"product": 14, "variation_category": "color", "variation_value": "Midnight Blue", "is_active": true, "created_date": "2023-05-02T10:51:03.778Z"}}, {"model": "store.variation", "pk": 21, "fields": {"product": 14, "variation_category": "color", "variation_value": "Black", "is_active": true, "created_date": "2023-05-02T10:51:16.040Z"}}, {"model": "store.variation", "pk": 22, "fields": {"product": 14, "variation_category": "size", "variation_value": "Standard", "is_active": true, "created_date": "2023-05-02T10:51:22.413Z"}}, {"model": "store.reviewrating", "pk": 2, "fields": {"product": 1, "user": 35, "subject": "sss", "review": "so so", "rating": 2.5, "ip": "127.0.0.1", "status": true, "created_at": "2023-04-16T09:33:20.297Z", "updated_at": "2023-04-16T10:18:52.939Z"}}, {"model": "store.reviewrating", "pk": 3, "fields": {"product": 1, "user": 35, "subject": "Bussiness matters", "review": "sub", "rating": 5.0, "ip": "", "status": true, "created_at": "2023-04-16T10:20:01.583Z", "updated_at": "2023-04-16T10:20:01.583Z"}}, {"model": "store.productgallery", "pk": 2, "fields": {"product": 9, "image": "store/products/2.jpg"}}, {"model": "store.productgallery", "pk": 3, "fields": {"product": 9, "image": "store/products/3.jpg"}}, {"model": "store.productgallery", "pk": 4, "fields": {"product": 9, "image": "store/products/4.jpg"}}, {"model": "store.productgallery", "pk": 5, "fields": {"product": 9, "image": "store/products/5.jpg"}}, {"model": "store.productgallery", "pk": 6, "fields": {"product": 9, "image": "store/products/6.jpg"}}, {"model": "store.productgallery", "pk": 7, "fields": {"product": 10, "image": "store/products/2_6zeAetd.jpg"}}, {"model": "store.productgallery", "pk": 8, "fields": {"product": 10, "image": "store/products/3_asy0AlO.jpg"}}, {"model": "store.productgallery", "pk": 9, "fields": {"product": 10, "image": "store/products/4_KgoxQkL.jpg"}}, {"model": "store.productgallery", "pk": 10, "fields": {"product": 10, "image": "store/products/5_yOHbMFz.jpg"}}, {"model": "store.productgallery", "pk": 11, "fields": {"product": 11, "image": "store/products/1.jpg"}}, {"model": "store.productgallery", "pk": 12, "fields": {"product": 11, "image": "store/products/3_d3UbPkJ.jpg"}}, {"model": "store.productgallery", "pk": 13, "fields": {"product": 11, "image": "store/products/4_CEV4TRH.jpg"}}, {"model": "store.productgallery", "pk": 14, "fields": {"product": 12, "image": "store/products/1_zSnjNhx.jpg"}}, {"model": "store.productgallery", "pk": 15, "fields": {"product": 12, "image": "store/products/3_37DPLWt.jpg"}}, {"model": "store.productgallery", "pk": 16, "fields": {"product": 12, "image": "store/products/4_QrnGiU3.jpg"}}, {"model": "store.productgallery", "pk": 17, "fields": {"product": 13, "image": "store/products/2_ihwgcwd.jpg"}}, {"model": "store.productgallery", "pk": 18, "fields": {"product": 13, "image": "store/products/3_pOHQJ7B.jpg"}}, {"model": "store.productgallery", "pk": 19, "fields": {"product": 13, "image": "store/products/4_IJ1fAD3.jpg"}}, {"model": "store.productgallery", "pk": 20, "fields": {"product": 14, "image": "store/products/7.jpg"}}, {"model": "store.productgallery", "pk": 21, "fields": {"product": 14, "image": "store/products/9.jpg"}}, {"model": "store.productgallery", "pk": 22, "fields": {"product": 14, "image": "store/products/10.jpg"}}, {"model": "carts.cart", "pk": 23, "fields": {"cart_id": "mnk7tnaly4uzpesycg6iqcz8zhwrmc77", "date_added": "2023-04-12"}}, {"model": "carts.cart", "pk": 24, "fields": {"cart_id": "zrirobkj7yys93wjgukrq2plv29s9qh3", "date_added": "2023-04-12"}}, {"model": "carts.cart", "pk": 25, "fields": {"cart_id": "gu4i34e1yr7lasinwvcad8tnk0e3rm9o", "date_added": "2023-05-08"}}, {"model": "carts.cart", "pk": 26, "fields": {"cart_id": "dsf3vw1k7o3py5f3w083cbkumotlupru", "date_added": "2023-05-10"}}, {"model": "carts.cart", "pk": 27, "fields": {"cart_id": "5bwcvmtbn0js4up88h31zj5vwc0a015y", "date_added": "2023-05-15"}}, {"model": "carts.cartitem", "pk": 74, "fields": {"user": null, "product": 10, "cart": 26, "quantity": 1, "is_active": true, "variations": [10, 12]}}, {"model": "carts.cartitem", "pk": 77, "fields": {"user": 35, "product": 1, "cart": null, "quantity": 2, "is_active": true, "variations": [1, 4]}}, {"model": "carts.cartitem", "pk": 78, "fields": {"user": null, "product": 1, "cart": 27, "quantity": 1, "is_active": true, "variations": [1, 4]}}, {"model": "carts.cartitem", "pk": 79, "fields": {"user": 35, "product": 1, "cart": null, "quantity": 1, "is_active": true, "variations": [2, 5]}}, {"model": "carts.cartitem", "pk": 80, "fields": {"user": 35, "product": 1, "cart": null, "quantity": 1, "is_active": true, "variations": [1, 5]}}, {"model": "orders.payment", "pk": 14, "fields": {"user": 35, "payment_id": "20A35211SX102790U", "payment_method": "PayPal", "amount_paid": "507.96", "status": "COMPLETED", "created_at": "2023-05-10T12:39:22.761Z"}}, {"model": "orders.payment", "pk": 15, "fields": {"user": 35, "payment_id": "6W410084SM779545Y", "payment_method": "PayPal", "amount_paid": "202.98", "status": "COMPLETED", "created_at": "2023-05-10T12:40:44.368Z"}}, {"model": "orders.payment", "pk": 16, "fields": {"user": 35, "payment_id": "2SL973175M926631D", "payment_method": "PayPal", "amount_paid": "304.98", "status": "COMPLETED", "created_at": "2023-05-10T18:14:17.364Z"}}, {"model": "orders.order", "pk": 55, "fields": {"user": 35, "payment": 14, "order_number": "2023051055", "first_name": "John", "last_name": "Magnum", "phone": "8258214147", "email": "clauter.nino@outlook.com", "address_line_1": "Alabama 2333 House", "address_line_2": "", "country": "Mozambique", "state": "California", "city": "Alabama", "order_note": "111", "order_total": 507.96, "tax": 9.96, "status": "Out for Delivery", "ip": "127.0.0.1", "is_ordered": true, "created_at": "2023-05-10T12:38:13.683Z", "updated_at": "2023-05-10T18:09:53.579Z"}}, {"model": "orders.order", "pk": 56, "fields": {"user": 35, "payment": 15, "order_number": "2023051056", "first_name": "CLAUTER", "last_name": "NHAMUAL", "phone": "8258214147", "email": "clauterthirdparty@gmail.com", "address_line_1": "Alabama 2333 House", "address_line_2": "", "country": "United States", "state": "California", "city": "Alabama", "order_note": "uu", "order_total": 202.98, "tax": 3.98, "status": "Picked by courier", "ip": "127.0.0.1", "is_ordered": true, "created_at": "2023-05-10T12:40:05.449Z", "updated_at": "2023-05-10T13:12:10.778Z"}}, {"model": "orders.order", "pk": 57, "fields": {"user": 35, "payment": 16, "order_number": "2023051157", "first_name": "John", "last_name": "Mave", "phone": "123213131313", "email": "clauter.nino@outlook.com", "address_line_1": "Meshigan", "address_line_2": "", "country": "Taiwan", "state": "mahs", "city": "zhijua", "order_note": "Thas", "order_total": 304.98, "tax": 5.98, "status": "Order Confirmed", "ip": "127.0.0.1", "is_ordered": true, "created_at": "2023-05-10T18:13:39.712Z", "updated_at": "2023-05-10T18:18:53.022Z"}}, {"model": "orders.orderproduct", "pk": 17, "fields": {"order": 55, "payment": 14, "user": 35, "product": 1, "quantity": 1, "product_price": 199.0, "ordered": true, "created_at": "2023-05-10T12:39:22.787Z", "updated_at": "2023-05-10T12:39:22.803Z", "variations": [1, 4]}}, {"model": "orders.orderproduct", "pk": 18, "fields": {"order": 55, "payment": 14, "user": 35, "product": 9, "quantity": 1, "product_price": 299.0, "ordered": true, "created_at": "2023-05-10T12:39:22.818Z", "updated_at": "2023-05-10T12:39:22.833Z", "variations": [7, 9]}}, {"model": "orders.orderproduct", "pk": 19, "fields": {"order": 56, "payment": 15, "user": 35, "product": 1, "quantity": 1, "product_price": 199.0, "ordered": true, "created_at": "2023-05-10T12:40:44.384Z", "updated_at": "2023-05-10T12:40:44.400Z", "variations": [1, 4]}}, {"model": "orders.orderproduct", "pk": 20, "fields": {"order": 57, "payment": 16, "user": 35, "product": 9, "quantity": 1, "product_price": 299.0, "ordered": true, "created_at": "2023-05-10T18:14:17.389Z", "updated_at": "2023-05-10T18:14:17.409Z", "variations": [7, 9]}}, {"model": "admin_honeypot.loginattempt", "pk": 1, "fields": {"username": "Matyqattcq@gmail.com", "ip_address": "127.0.0.1", "session_key": "jcplykrttzb6uf5y3g5qu4549le4b72w", "user_agent": "Mozilla/5.0 (Windows NT 10.0; Win64; x64) AppleWebKit/537.36 (KHTML, like Gecko) Chrome/112.0.0.0 Safari/537.36 Edg/112.0.1722.46", "timestamp": "2023-04-16T16:00:23.405Z", "path": "/admin/login/?next=/admin/"}}, {"model": "admin_honeypot.loginattempt", "pk": 2, "fields": {"username": "nino.claute2wr@gmail.com", "ip_address": "127.0.0.1", "session_key": "ydfy8wp834hb2tjn24vdbodhofft47qo", "user_agent": "Mozilla/5.0 (Windows NT 10.0; Win64; x64) AppleWebKit/537.36 (KHTML, like Gecko) Chrome/112.0.0.0 Safari/537.36 Edg/112.0.1722.64", "timestamp": "2023-05-02T10:20:43.805Z", "path": "/admin/login/?next=/admin/"}}, {"model": "admin_honeypot.loginattempt", "pk": 3, "fields": {"username": "clauterthirdparty@gmail.com", "ip_address": "127.0.0.1", "session_key": "n49gve9ci0o2pcd43iphxmd6ul826zhw", "user_agent": "Mozilla/5.0 (Windows NT 10.0; Win64; x64) AppleWebKit/537.36 (KHTML, like Gecko) Chrome/113.0.0.0 Safari/537.36 Edg/113.0.1774.42", "timestamp": "2023-05-19T04:38:05.276Z", "path": "/admin/login/?next=/admin/"}}, {"model": "admin_honeypot.loginattempt", "pk": 4, "fields": {"username": "clauterthirdparty@gmail.com", "ip_address": "127.0.0.1", "session_key": "n49gve9ci0o2pcd43iphxmd6ul826zhw", "user_agent": "Mozilla/5.0 (Windows NT 10.0; Win64; x64) AppleWebKit/537.36 (KHTML, like Gecko) Chrome/113.0.0.0 Safari/537.36 Edg/113.0.1774.42", "timestamp": "2023-05-19T04:38:11.448Z", "path": "/admin/login/?next=/admin/"}}]
